mutationResidue,frequency,mutation
91,789,I->A
163,676,C->L
150,523,A->R
280,517,W->G
205,441,G->G
86,384,T->G
90,351,L->R
245,321,V->V
92,303,D->D
271,297,F->A
203,295,N->N
79,264,F->R
166,261,H->H
167,258,K->T
175,243,L->L
279,239,T->L
88,219,H->P
147,213,E->R
287,200,F->A
276,197,N->A
168,194,D->D
206,179,G->D
275,179,F->L
146,173,T->A
224,158,H->H
151,156,A->P
148,146,W->R
244,141,F->F
89,137,V->G
81,134,R->P
169,134,T->L
170,131,G->A
242,130,A->V
172,124,V->V
173,113,T->T
247,110,P->P
112,106,H->A
286,91,D->R
243,88,A->V
152,85,N->P
246,81,N->E
149,79,F->L
272,78,L->L
289,72,I->A
